{"train_time": 62.89359426498413, "train_loss": 0.6384454072483445, "metrics": {"accuracy": 0.6346427744841461, "f1-score": 0.7102971953315522, "recall-score": 0.7765876170117533, "precission-score": 0.6544339524478435}}