{"train_time": 79.27607250213623, "train_loss": 0.5744960703891708, "metrics": {"accuracy": 0.7163782513486087, "f1-score": 0.7618535086834168, "recall-score": 0.7852393975578753, "precission-score": 0.7398202853949222}}