{"train_time": 68.71250462532043, "train_loss": 0.6394944156822564, "metrics": {"accuracy": 0.6365076821734409, "f1-score": 0.7151069901137925, "recall-score": 0.7877113433753459, "precission-score": 0.6547571897637695}}