{"train_time": 126.50844883918762, "train_loss": 0.6379935411334078, "metrics": {"accuracy": 0.6363021335214565, "f1-score": 0.7087924619748828, "recall-score": 0.765647676571697, "precission-score": 0.6597974396316361}}