{"train_time": 137.54298496246338, "train_loss": 0.6389066850739803, "metrics": {"accuracy": 0.6365602836090273, "f1-score": 0.7121139472570864, "recall-score": 0.7789857727418229, "precission-score": 0.6558156297789857}}