{"train_time": 126.88974976539612, "train_loss": 0.6368956955704604, "metrics": {"accuracy": 0.6364334339970312, "f1-score": 0.6972725268086951, "recall-score": 0.7256962122965362, "precission-score": 0.6709914870701185}}