{"train_time": 68.61432242393494, "train_loss": 0.5429851354872993, "metrics": {"accuracy": 0.7526304545211772, "f1-score": 0.5444799606589624, "recall-score": 0.4542793840094094, "precission-score": 0.6793749488668903}}