{"train_time": 136.56642365455627, "train_loss": 0.5964677408975954, "metrics": {"accuracy": 0.6968783868290045, "f1-score": 0.3015547442261148, "recall-score": 0.2009842788790157, "precission-score": 0.6035799326709911}}