{"train_time": 74.26852512359619, "train_loss": 0.6398221401387252, "metrics": {"accuracy": 0.6322348626466556, "f1-score": 0.708199430722615, "recall-score": 0.7747805526364592, "precission-score": 0.6521560975609756}}