{"train_time": 136.4042022228241, "train_loss": 0.596801506978221, "metrics": {"accuracy": 0.6958413356151427, "f1-score": 0.28188018200733495, "recall-score": 0.18302901280056771, "precission-score": 0.6128958552300873}}