{"train_time": 139.58967471122742, "train_loss": 0.5426578206096486, "metrics": {"accuracy": 0.7531573313512154, "f1-score": 0.553503930827104, "recall-score": 0.4698449363412084, "precission-score": 0.6734088193233687}}