{"train_time": 133.87604141235352, "train_loss": 0.5088614607574916, "metrics": {"accuracy": 0.8004255025581338, "f1-score": 0.8887372504841745, "recall-score": 0.9973101812147066, "precission-score": 0.801483175535212}}