{"train_time": 75.37133312225342, "train_loss": 0.5096994192718041, "metrics": {"accuracy": 0.7981493350424611, "f1-score": 0.8867795933142765, "recall-score": 0.9912817307048291, "precission-score": 0.8022096652528784}}