{"train_time": 154.53847908973694, "train_loss": 0.4823920337757492, "metrics": {"accuracy": 0.8215559773985147, "f1-score": 0.8950833743313829, "recall-score": 0.9539161767494785, "precission-score": 0.8430860241557802}}