{"train_time": 156.70237374305725, "train_loss": 0.5964596461995075, "metrics": {"accuracy": 0.6959659597953493, "f1-score": 0.31092191141015424, "recall-score": 0.21079339894268187, "precission-score": 0.5922410314547586}}