{"train_time": 137.88042783737183, "train_loss": 0.6386769074373361, "metrics": {"accuracy": 0.6357368738469481, "f1-score": 0.7050997942498045, "recall-score": 0.7538418272805372, "precission-score": 0.6622781040055505}}