{"train_time": 63.0851731300354, "train_loss": 0.6396426317078181, "metrics": {"accuracy": 0.6341798857020776, "f1-score": 0.6928300476501915, "recall-score": 0.7145929860538265, "precission-score": 0.6723535129332231}}