{"train_time": 66.58048915863037, "train_loss": 0.6392596628982419, "metrics": {"accuracy": 0.6348208086310955, "f1-score": 0.7121773936104904, "recall-score": 0.7841284800543831, "precission-score": 0.652320881182965}}