{"train_time": 62.04933834075928, "train_loss": 0.639222868175704, "metrics": {"accuracy": 0.6350077444853923, "f1-score": 0.7121914582229257, "recall-score": 0.7833633156013311, "precission-score": 0.6528750128693503}}