{"train_time": 69.19229078292847, "train_loss": 0.5422828257037466, "metrics": {"accuracy": 0.7543484840392387, "f1-score": 0.5477474229338403, "recall-score": 0.4590945303700448, "precission-score": 0.6788325615403363}}