{"train_time": 130.57537245750427, "train_loss": 0.6372578306896901, "metrics": {"accuracy": 0.6354475677143258, "f1-score": 0.7147354966338468, "recall-score": 0.7931674209893673, "precission-score": 0.6504191559830753}}