{"train_time": 139.95907163619995, "train_loss": 0.542392266095779, "metrics": {"accuracy": 0.7536736315263569, "f1-score": 0.5569347652919491, "recall-score": 0.47552547933969036, "precission-score": 0.6719761219403821}}