{"train_time": 127.59669709205627, "train_loss": 0.6371007263096684, "metrics": {"accuracy": 0.6376930283898333, "f1-score": 0.7154704002041306, "recall-score": 0.789814864833579, "precission-score": 0.6539177882634073}}