{"train_time": 125.00143933296204, "train_loss": 0.6385405900428753, "metrics": {"accuracy": 0.6377976236839352, "f1-score": 0.7057960116267299, "recall-score": 0.7518437359192491, "precission-score": 0.6650632782026605}}