{"train_time": 128.05790972709656, "train_loss": 0.6379081081585318, "metrics": {"accuracy": 0.6351805158995975, "f1-score": 0.6959898522342888, "recall-score": 0.7235675175445361, "precission-score": 0.6704371686221828}}