{"train_time": 68.387202501297, "train_loss": 0.4828935531430718, "metrics": {"accuracy": 0.8208130819491178, "f1-score": 0.8945467308936509, "recall-score": 0.9500642627037073, "precission-score": 0.8451593743813106}}