{"train_time": 138.4188814163208, "train_loss": 0.6376453518098144, "metrics": {"accuracy": 0.6357836079145256, "f1-score": 0.7047849936595723, "recall-score": 0.754581937990784, "precission-score": 0.6611536404924835}}