{"train_time": 141.1840980052948, "train_loss": 0.4821293892611833, "metrics": {"accuracy": 0.8217696188502974, "f1-score": 0.895345919839428, "recall-score": 0.9540104092697639, "precission-score": 0.843478325097683}}