{"train_time": 149.92982840538025, "train_loss": 0.6379927720763042, "metrics": {"accuracy": 0.637575080504995, "f1-score": 0.703459301584527, "recall-score": 0.7435972452660228, "precission-score": 0.6674325795138469}}