{"train_time": 125.85055327415466, "train_loss": 0.6378350019508015, "metrics": {"accuracy": 0.6346375105429831, "f1-score": 0.7070786007657749, "recall-score": 0.7654637184003956, "precission-score": 0.6569688409689205}}