{"train_time": 68.5020842552185, "train_loss": 0.5425863955752317, "metrics": {"accuracy": 0.7512729441506881, "f1-score": 0.5297745765421606, "recall-score": 0.42819445577953696, "precission-score": 0.6945394373965803}}