{"train_time": 142.3926122188568, "train_loss": 0.5096489209658951, "metrics": {"accuracy": 0.800752641031176, "f1-score": 0.888545307878462, "recall-score": 0.9933726170229941, "precission-score": 0.8037303197706498}}