{"train_time": 132.02032613754272, "train_loss": 0.6375605917101617, "metrics": {"accuracy": 0.6374971903923659, "f1-score": 0.7023653124057849, "recall-score": 0.7404980138778121, "precission-score": 0.6679676367756331}}