{"train_time": 154.48541736602783, "train_loss": 0.4822533629959837, "metrics": {"accuracy": 0.8221546185498642, "f1-score": 0.8961121518167862, "recall-score": 0.9596231269106764, "precission-score": 0.8404860550579525}}