{"train_time": 73.74461126327515, "train_loss": 0.5965138760135134, "metrics": {"accuracy": 0.6931804020011038, "f1-score": 0.3009967653291962, "recall-score": 0.20261286227185235, "precission-score": 0.5851139320350075}}