{"train_time": 67.59441375732422, "train_loss": 0.6391647567443406, "metrics": {"accuracy": 0.6359112677811605, "f1-score": 0.7091422394788867, "recall-score": 0.7668486619501692, "precission-score": 0.6595129758471998}}