{"train_time": 69.36171221733093, "train_loss": 0.6384819239440982, "metrics": {"accuracy": 0.6342555502145312, "f1-score": 0.7029118070268042, "recall-score": 0.7478651547089686, "precission-score": 0.6630562300493821}}