{"train_time": 79.55548357963562, "train_loss": 0.5747179752782599, "metrics": {"accuracy": 0.7164361124463672, "f1-score": 0.7621412144201188, "recall-score": 0.7873507359066926, "precission-score": 0.7384959337828843}}