{"train_time": 70.07803225517273, "train_loss": 0.6390171935179746, "metrics": {"accuracy": 0.630183019103064, "f1-score": 0.6904780530689941, "recall-score": 0.7166818751256631, "precission-score": 0.6661228068914461}}