{"train_time": 80.49498534202576, "train_loss": 0.48293866612588365, "metrics": {"accuracy": 0.8219257953675515, "f1-score": 0.8968731231908527, "recall-score": 0.9686210755465979, "precission-score": 0.8350212145064987}}