{"train_time": 140.0508110523224, "train_loss": 0.4820625727793737, "metrics": {"accuracy": 0.822490658750064, "f1-score": 0.896354932769222, "recall-score": 0.960353723085833, "precission-score": 0.840353087075483}}