{"train_time": 152.56557822227478, "train_loss": 0.5735281470077407, "metrics": {"accuracy": 0.7179109426706517, "f1-score": 0.7623313677144758, "recall-score": 0.7839159356020438, "precission-score": 0.741903580161308}}