{"train_time": 62.74333047866821, "train_loss": 0.6385959733165224, "metrics": {"accuracy": 0.6342377467998362, "f1-score": 0.7049051996552714, "recall-score": 0.7583678452219063, "precission-score": 0.6584840596822671}}