{"train_time": 69.22763991355896, "train_loss": 0.638808199942039, "metrics": {"accuracy": 0.6337659563104203, "f1-score": 0.7067193225075206, "recall-score": 0.763813985022651, "precission-score": 0.657566592380346}}