{"train_time": 71.50669860839844, "train_loss": 0.6411518939639459, "metrics": {"accuracy": 0.6320167708166426, "f1-score": 0.7027044520437113, "recall-score": 0.752959127057518, "precission-score": 0.6587383451651396}}