{"train_time": 135.3201355934143, "train_loss": 0.6380841638708428, "metrics": {"accuracy": 0.6358236656867349, "f1-score": 0.7033308496540072, "recall-score": 0.747663299248016, "precission-score": 0.6639614723741588}}