{"train_time": 147.79807329177856, "train_loss": 0.6374226362590889, "metrics": {"accuracy": 0.6373747916439487, "f1-score": 0.7057217263785998, "recall-score": 0.7536770804000911, "precission-score": 0.6635039545221464}}