{"train_time": 62.538670778274536, "train_loss": 0.639421012426253, "metrics": {"accuracy": 0.6340419092381919, "f1-score": 0.6971275333917797, "recall-score": 0.7271483789661346, "precission-score": 0.6694872683793096}}