{"train_time": 134.9710669517517, "train_loss": 0.6376560278526201, "metrics": {"accuracy": 0.6362286942724062, "f1-score": 0.7087269131050704, "recall-score": 0.7670680717129016, "precission-score": 0.6586330351494838}}