{"train_time": 71.72409653663635, "train_loss": 0.6387886053610925, "metrics": {"accuracy": 0.6317630721572398, "f1-score": 0.6899002241396113, "recall-score": 0.7116169738958308, "precission-score": 0.6694697024805412}}