{"train_time": 66.70489525794983, "train_loss": 0.5965942820956713, "metrics": {"accuracy": 0.695423632252666, "f1-score": 0.328245099097861, "recall-score": 0.22782274548278963, "precission-score": 0.5869817083874592}}