{"train_time": 129.91272044181824, "train_loss": 0.6378462378076999, "metrics": {"accuracy": 0.6375817568003632, "f1-score": 0.7128030854802898, "recall-score": 0.7796814839391671, "precission-score": 0.6564915004823919}}