{"train_time": 79.40554022789001, "train_loss": 0.48421679766620906, "metrics": {"accuracy": 0.8201231996296889, "f1-score": 0.8945244806347218, "recall-score": 0.9551339571849763, "precission-score": 0.8411481468756289}}