{"train_time": 153.06966018676758, "train_loss": 0.4824416443690636, "metrics": {"accuracy": 0.8222747918664919, "f1-score": 0.8969815959783852, "recall-score": 0.9671958761165838, "precission-score": 0.8362718403633005}}