{"train_time": 68.77862334251404, "train_loss": 0.6393081733855998, "metrics": {"accuracy": 0.6355062400968505, "f1-score": 0.7081826312844981, "recall-score": 0.7662749271271919, "precission-score": 0.6582777420786603}}