{"train_time": 138.6825520992279, "train_loss": 0.6373824956977647, "metrics": {"accuracy": 0.6382071031331854, "f1-score": 0.713902576376179, "recall-score": 0.7822066252747677, "precission-score": 0.6565694493898294}}