{"train_time": 154.1685905456543, "train_loss": 0.5416350467751285, "metrics": {"accuracy": 0.755220306619992, "f1-score": 0.5567805420565267, "recall-score": 0.47308197978580624, "precission-score": 0.6764613727602076}}