{"train_time": 68.6524486541748, "train_loss": 0.6395311888033335, "metrics": {"accuracy": 0.6330315654542541, "f1-score": 0.6881031371644089, "recall-score": 0.7027430072631742, "precission-score": 0.6740607884263342}}