{"train_time": 129.82030987739563, "train_loss": 0.6372577579530551, "metrics": {"accuracy": 0.636337740430087, "f1-score": 0.7109317785411795, "recall-score": 0.7754948460371796, "precission-score": 0.6562927641785196}}