{"train_time": 66.66001629829407, "train_loss": 0.5091476046237848, "metrics": {"accuracy": 0.7998896188288914, "f1-score": 0.8883990627109893, "recall-score": 0.9973193336788662, "precission-score": 0.8009273556489476}}