{"train_time": 138.2312843799591, "train_loss": 0.6372346477592378, "metrics": {"accuracy": 0.6358614980271547, "f1-score": 0.7008632635824159, "recall-score": 0.7390653917334978, "precission-score": 0.6664163485540653}}