{"train_time": 148.88886213302612, "train_loss": 0.57367709579836, "metrics": {"accuracy": 0.7166980823454271, "f1-score": 0.7591914407427305, "recall-score": 0.7733880602767179, "precission-score": 0.7455066239681396}}