{"train_time": 62.71321225166321, "train_loss": 0.6393975859305425, "metrics": {"accuracy": 0.6369483166871406, "f1-score": 0.7113837966746986, "recall-score": 0.7747429751683956, "precission-score": 0.6576043227118998}}