{"train_time": 126.49916887283325, "train_loss": 0.6379759483519393, "metrics": {"accuracy": 0.6362754283399836, "f1-score": 0.6970078973712506, "recall-score": 0.7247052836909508, "precission-score": 0.6713496989479247}}