{"train_time": 139.9868619441986, "train_loss": 0.5420953700244526, "metrics": {"accuracy": 0.7548108271707418, "f1-score": 0.553762656946132, "recall-score": 0.46896845051484864, "precission-score": 0.6759880944140652}}