{"train_time": 140.71345257759094, "train_loss": 0.6379553381640879, "metrics": {"accuracy": 0.6357457755741057, "f1-score": 0.7124258566890619, "recall-score": 0.7826813723030123, "precission-score": 0.653744087137933}}