{"train_time": 153.75891780853271, "train_loss": 0.5421838228994632, "metrics": {"accuracy": 0.753900625568876, "f1-score": 0.541455020421703, "recall-score": 0.44607658934854644, "precission-score": 0.6887130801687764}}