{"train_time": 142.17320895195007, "train_loss": 0.6381562862537375, "metrics": {"accuracy": 0.6345418169760387, "f1-score": 0.7083376994733991, "recall-score": 0.7685574877439645, "precission-score": 0.6568691716543525}}