{"train_time": 73.19830656051636, "train_loss": 0.6384351101563108, "metrics": {"accuracy": 0.6354572807064395, "f1-score": 0.7152927926362114, "recall-score": 0.7935015656090451, "precission-score": 0.6511176083434589}}