{"train_time": 69.81829619407654, "train_loss": 0.6394894472136305, "metrics": {"accuracy": 0.634291157043921, "f1-score": 0.7105893458444285, "recall-score": 0.7802219901767413, "precission-score": 0.6523673709603358}}