{"train_time": 78.30862760543823, "train_loss": 0.482629709962983, "metrics": {"accuracy": 0.8221038295145009, "f1-score": 0.8968054590942303, "recall-score": 0.9679530051721063, "precission-score": 0.8354009033493192}}