{"train_time": 135.40273118019104, "train_loss": 0.5087268914232745, "metrics": {"accuracy": 0.7997534221577342, "f1-score": 0.8881966663146189, "recall-score": 0.9961565903744747, "precission-score": 0.8013492698741533}}