{"train_time": 134.99835109710693, "train_loss": 0.5091458697154284, "metrics": {"accuracy": 0.7999826416320427, "f1-score": 0.8882100523638353, "recall-score": 0.9948121855131256, "precission-score": 0.8022432325556315}}