{"train_time": 153.21526098251343, "train_loss": 0.6380409620237175, "metrics": {"accuracy": 0.6371166415563779, "f1-score": 0.7147081156549946, "recall-score": 0.7860515772985995, "precission-score": 0.6552375697342799}}