{"train_time": 152.3339343070984, "train_loss": 0.638733400947806, "metrics": {"accuracy": 0.6346553139972984, "f1-score": 0.6997977537130297, "recall-score": 0.7369712329136449, "precission-score": 0.666194324231167}}