{"train_time": 129.27344226837158, "train_loss": 0.6384452336208831, "metrics": {"accuracy": 0.63483557397224, "f1-score": 0.6996641316384336, "recall-score": 0.7377048547586516, "precission-score": 0.6653542621815156}}