{"train_time": 68.64856362342834, "train_loss": 0.639120449833601, "metrics": {"accuracy": 0.6363251971728178, "f1-score": 0.7058954802158208, "recall-score": 0.755848640648727, "precission-score": 0.662135699430084}}