{"train_time": 62.480661153793335, "train_loss": 0.6383900425717179, "metrics": {"accuracy": 0.6359379729032029, "f1-score": 0.699427487928741, "recall-score": 0.733903990746096, "precission-score": 0.6680448409717884}}