{"train_time": 74.39145493507385, "train_loss": 0.6390330340741035, "metrics": {"accuracy": 0.6352747957058164, "f1-score": 0.7074552588081153, "recall-score": 0.7632043134989409, "precission-score": 0.6592962751021386}}