{"train_time": 141.45696306228638, "train_loss": 0.6376729109693956, "metrics": {"accuracy": 0.636371121906928, "f1-score": 0.7082701746304658, "recall-score": 0.7644694192961563, "precission-score": 0.6597679585944465}}