{"train_time": 131.2886025905609, "train_loss": 0.6375838329917506, "metrics": {"accuracy": 0.6363132606804035, "f1-score": 0.7021985731597314, "recall-score": 0.7444093283466757, "precission-score": 0.6645179536526397}}