{"train_time": 69.64984250068665, "train_loss": 0.6397739118034534, "metrics": {"accuracy": 0.6296934251989531, "f1-score": 0.6962753122159392, "recall-score": 0.7360057420256075, "precission-score": 0.6606145831890162}}