{"train_time": 75.4410765171051, "train_loss": 0.5434113354323186, "metrics": {"accuracy": 0.7526794139115882, "f1-score": 0.5338925470788072, "recall-score": 0.4364414334105901, "precission-score": 0.6873731046697481}}