{"train_time": 67.50124287605286, "train_loss": 0.5975416465172768, "metrics": {"accuracy": 0.6959755381082091, "f1-score": 0.3069992999685493, "recall-score": 0.20750757752389834, "precission-score": 0.5897715755827552}}