{"train_time": 137.86041951179504, "train_loss": 0.6382927560986673, "metrics": {"accuracy": 0.6382360337464477, "f1-score": 0.7109923498550152, "recall-score": 0.7693139321934779, "precission-score": 0.6608903446292764}}