{"train_time": 68.67693138122559, "train_loss": 0.6391861626313183, "metrics": {"accuracy": 0.6354038704623547, "f1-score": 0.7104398051594568, "recall-score": 0.7753456576754522, "precission-score": 0.6555613542957792}}