{"train_time": 68.59444117546082, "train_loss": 0.575230687727344, "metrics": {"accuracy": 0.7159287151275615, "f1-score": 0.7664263494967978, "recall-score": 0.8097764304660856, "precission-score": 0.7274817804764518}}