{"train_time": 142.786616563797, "train_loss": 0.6383037016191989, "metrics": {"accuracy": 0.6357769316191574, "f1-score": 0.7020542209470825, "recall-score": 0.7442479823068283, "precission-score": 0.6643879748471014}}