{"train_time": 68.85404515266418, "train_loss": 0.5755976003442257, "metrics": {"accuracy": 0.7141439228043939, "f1-score": 0.7620705878866237, "recall-score": 0.7942700490366423, "precission-score": 0.732380125037383}}