{"train_time": 68.44503927230835, "train_loss": 0.6391703968346816, "metrics": {"accuracy": 0.6320879844754224, "f1-score": 0.7048063909036043, "recall-score": 0.762215562387036, "precission-score": 0.655439468108424}}