{"train_time": 125.80448961257935, "train_loss": 0.6374277369363482, "metrics": {"accuracy": 0.634443897977305, "f1-score": 0.7049211838146136, "recall-score": 0.7562906657621264, "precission-score": 0.660086192105449}}