{"train_time": 68.8975932598114, "train_loss": 0.6391629204079401, "metrics": {"accuracy": 0.6353593619256174, "f1-score": 0.7063794710056627, "recall-score": 0.7614569730874138, "precission-score": 0.6587322277257505}}