{"train_time": 138.87069177627563, "train_loss": 0.6381743589961861, "metrics": {"accuracy": 0.6340099387783715, "f1-score": 0.7089115289853021, "recall-score": 0.7733142314316386, "precission-score": 0.6544112360872378}}