{"train_time": 138.35869073867798, "train_loss": 0.6372547902094717, "metrics": {"accuracy": 0.6363177115439823, "f1-score": 0.7092251329581384, "recall-score": 0.7705444099486946, "precission-score": 0.6569459277718445}}