{"train_time": 75.11005330085754, "train_loss": 0.5756763583549711, "metrics": {"accuracy": 0.7152076768324165, "f1-score": 0.7602227418532842, "recall-score": 0.7813450828448402, "precission-score": 0.7402123545079724}}