{"train_time": 150.39641642570496, "train_loss": 0.6382129644212142, "metrics": {"accuracy": 0.6376485197540452, "f1-score": 0.7074575217534258, "recall-score": 0.7592936121963354, "precission-score": 0.6622467102607572}}