{"train_time": 70.11583089828491, "train_loss": 0.6399098398145054, "metrics": {"accuracy": 0.6367435774181488, "f1-score": 0.7107256403803826, "recall-score": 0.7717193020266474, "precission-score": 0.6586671747099555}}