{"train_time": 75.13633894920349, "train_loss": 0.5427407237397586, "metrics": {"accuracy": 0.754125941355552, "f1-score": 0.5519998702436176, "recall-score": 0.4666145661950203, "precission-score": 0.6756332883347892}}