{"train_time": 71.83978247642517, "train_loss": 0.6396115469868886, "metrics": {"accuracy": 0.6319010486211255, "f1-score": 0.6939000603294804, "recall-score": 0.7235537030604763, "precission-score": 0.666581335153739}}