{"train_time": 149.3220498561859, "train_loss": 0.5742209617720438, "metrics": {"accuracy": 0.7156766091540911, "f1-score": 0.7618642883104537, "recall-score": 0.7868875181925289, "precission-score": 0.7383834989865707}}