{"train_time": 74.96779823303223, "train_loss": 0.6388338343895781, "metrics": {"accuracy": 0.633049368868949, "f1-score": 0.6994338295072166, "recall-score": 0.7408577320224589, "precission-score": 0.6623969396069549}}