{"train_time": 68.94600033760071, "train_loss": 0.638648082274304, "metrics": {"accuracy": 0.6350032936317186, "f1-score": 0.700331803432046, "recall-score": 0.7392250190929499, "precission-score": 0.6653266401438619}}