{"train_time": 75.39580082893372, "train_loss": 0.5435090519581539, "metrics": {"accuracy": 0.7521230572023714, "f1-score": 0.5443448095300432, "recall-score": 0.45488855462874334, "precission-score": 0.6775980771581048}}