{"train_time": 154.58780241012573, "train_loss": 0.596486932299911, "metrics": {"accuracy": 0.6971053808715236, "f1-score": 0.3074049950131287, "recall-score": 0.20623660025399773, "precission-score": 0.6034000559351153}}