{"train_time": 71.24498796463013, "train_loss": 0.6390198815369004, "metrics": {"accuracy": 0.6338149157008314, "f1-score": 0.7115201879415838, "recall-score": 0.7798573427003428, "precission-score": 0.6541945800261778}}