{"train_time": 151.90011978149414, "train_loss": 0.5423503313895472, "metrics": {"accuracy": 0.7541365213385527, "f1-score": 0.5470891358621905, "recall-score": 0.45673646239039517, "precission-score": 0.6820049469531266}}