{"train_time": 160.86542749404907, "train_loss": 0.6379768522905006, "metrics": {"accuracy": 0.6362153416816698, "f1-score": 0.7136433149806166, "recall-score": 0.7860125180400238, "precission-score": 0.6534768450939189}}