{"train_time": 67.32897305488586, "train_loss": 0.639375198898186, "metrics": {"accuracy": 0.6352124837543841, "f1-score": 0.7105487139461705, "recall-score": 0.7746394277045809, "precission-score": 0.6562528540674538}}