{"train_time": 154.34593319892883, "train_loss": 0.48191404470323496, "metrics": {"accuracy": 0.821607162329671, "f1-score": 0.8962611246779231, "recall-score": 0.9654906093861527, "precission-score": 0.8362954429639934}}