{"train_time": 68.66576099395752, "train_loss": 0.5433713852251625, "metrics": {"accuracy": 0.7519539247627695, "f1-score": 0.514140744873762, "recall-score": 0.4058998430746359, "precission-score": 0.7011032383850873}}