{"train_time": 128.34571075439453, "train_loss": 0.6385400879962752, "metrics": {"accuracy": 0.6344461234090945, "f1-score": 0.6986637608418087, "recall-score": 0.733103113739259, "precission-score": 0.6673149705634988}}