{"train_time": 134.81660914421082, "train_loss": 0.508671351646812, "metrics": {"accuracy": 0.7997333932716295, "f1-score": 0.8882025696389039, "recall-score": 0.9964182083236937, "precission-score": 0.8011896570658861}}