{"train_time": 67.15341067314148, "train_loss": 0.5975496278690445, "metrics": {"accuracy": 0.695877619327387, "f1-score": 0.29764095184252454, "recall-score": 0.19823915216409022, "precission-score": 0.5969816922315685}}