{"train_time": 153.4700746536255, "train_loss": 0.6386011877314087, "metrics": {"accuracy": 0.6333289566508141, "f1-score": 0.6850142615717552, "recall-score": 0.6906255179884124, "precission-score": 0.6794934519678231}}