{"train_time": 67.70940470695496, "train_loss": 0.6387359684110815, "metrics": {"accuracy": 0.6351946803396892, "f1-score": 0.7040010400754054, "recall-score": 0.7543358640384481, "precission-score": 0.659963436928702}}