{"train_time": 63.555607318878174, "train_loss": 0.6380283456696569, "metrics": {"accuracy": 0.6379230536416884, "f1-score": 0.706485109576487, "recall-score": 0.7542855381865529, "precission-score": 0.6643820278092576}}