{"train_time": 139.15286827087402, "train_loss": 0.6379038140043423, "metrics": {"accuracy": 0.6367472198793371, "f1-score": 0.6971639968979477, "recall-score": 0.726119991343062, "precission-score": 0.6704288375213205}}