{"train_time": 135.5755569934845, "train_loss": 0.5965249630809825, "metrics": {"accuracy": 0.6970809011218402, "f1-score": 0.3283645424715664, "recall-score": 0.22850197091018967, "precission-score": 0.583273441197609}}