{"train_time": 147.555326461792, "train_loss": 0.5736529229015453, "metrics": {"accuracy": 0.7171387178397288, "f1-score": 0.7627151551357204, "recall-score": 0.7863076129548796, "precission-score": 0.7404971979149297}}