{"train_time": 61.77820634841919, "train_loss": 0.6383806929063569, "metrics": {"accuracy": 0.6341754348484039, "f1-score": 0.7056687555953447, "recall-score": 0.7595806190494546, "precission-score": 0.6589025980539673}}