{"train_time": 74.35504508018494, "train_loss": 0.5989545412014254, "metrics": {"accuracy": 0.6949295874948815, "f1-score": 0.25028438921946095, "recall-score": 0.156818399879381, "precission-score": 0.619537553473764}}