{"train_time": 127.46323156356812, "train_loss": 0.637937568379308, "metrics": {"accuracy": 0.6390371891906327, "f1-score": 0.7086550810543806, "recall-score": 0.7613216212669718, "precission-score": 0.6628037860486058}}