{"train_time": 68.57537245750427, "train_loss": 0.6400877002137938, "metrics": {"accuracy": 0.6346917338745571, "f1-score": 0.7045245089568574, "recall-score": 0.7546427690029615, "precission-score": 0.6606486982823809}}