{"train_time": 70.04455637931824, "train_loss": 0.639899310916314, "metrics": {"accuracy": 0.63387277679859, "f1-score": 0.6977846357323928, "recall-score": 0.7299497302033852, "precission-score": 0.6683346001182332}}