{"train_time": 74.17082047462463, "train_loss": 0.5977249411331131, "metrics": {"accuracy": 0.6958019548149335, "f1-score": 0.3059487783577391, "recall-score": 0.20634485781601009, "precission-score": 0.5914409108755398}}