{"train_time": 75.30182313919067, "train_loss": 0.543182128566357, "metrics": {"accuracy": 0.7531111467179405, "f1-score": 0.5412745406129571, "recall-score": 0.44945888040432896, "precission-score": 0.6802327998337144}}