{"train_time": 68.31258583068848, "train_loss": 0.5754339220965016, "metrics": {"accuracy": 0.714962879880361, "f1-score": 0.760001349128126, "recall-score": 0.779494630351391, "precission-score": 0.7414592412764339}}