{"train_time": 149.58038544654846, "train_loss": 0.5966903282257107, "metrics": {"accuracy": 0.6957656709343031, "f1-score": 0.29451955826194653, "recall-score": 0.1950166067547804, "precission-score": 0.6013402452901757}}