{"train_time": 63.30358815193176, "train_loss": 0.6388653795459425, "metrics": {"accuracy": 0.6362450818066905, "f1-score": 0.7102218534710477, "recall-score": 0.7743928369841724, "precission-score": 0.6558722217128787}}