{"train_time": 68.19994568824768, "train_loss": 0.542984642208624, "metrics": {"accuracy": 0.7518159482988838, "f1-score": 0.548322033486428, "recall-score": 0.4639934196997738, "precission-score": 0.670111665478736}}