{"train_time": 147.9681098461151, "train_loss": 0.6379966368210439, "metrics": {"accuracy": 0.6379734327952981, "f1-score": 0.7002544604278105, "recall-score": 0.7321555859517984, "precission-score": 0.6710172256711232}}