{"train_time": 162.3266077041626, "train_loss": 0.574255159504225, "metrics": {"accuracy": 0.7161261463755505, "f1-score": 0.764016050586357, "recall-score": 0.796334004365566, "precission-score": 0.7342189383406995}}