{"train_time": 127.02544379234314, "train_loss": 0.6377724360422177, "metrics": {"accuracy": 0.6351649378770716, "f1-score": 0.7080125173877344, "recall-score": 0.767466464850839, "precission-score": 0.6571078131560416}}