{"train_time": 63.11226034164429, "train_loss": 0.6390883911898871, "metrics": {"accuracy": 0.6375936904698322, "f1-score": 0.7102307506156671, "recall-score": 0.7697577005854991, "precission-score": 0.6592496184668645}}