{"train_time": 154.22503995895386, "train_loss": 0.6382693486642397, "metrics": {"accuracy": 0.6371811790782707, "f1-score": 0.7147823074864111, "recall-score": 0.7867912974153369, "precission-score": 0.6548489880177714}}