{"train_time": 152.40691900253296, "train_loss": 0.5736673540502365, "metrics": {"accuracy": 0.7173345558371963, "f1-score": 0.7671371004704338, "recall-score": 0.807175182003017, "precission-score": 0.7308833033484131}}