{"train_time": 61.88153576850891, "train_loss": 0.6386499227028449, "metrics": {"accuracy": 0.6350077444853923, "f1-score": 0.7007040325847741, "recall-score": 0.7398837693268179, "precission-score": 0.6654650574346105}}