{"train_time": 149.6303060054779, "train_loss": 0.5957987837164291, "metrics": {"accuracy": 0.696936248055529, "f1-score": 0.3100167198662411, "recall-score": 0.2094647331881855, "precission-score": 0.5962347988774556}}