{"train_time": 71.97290062904358, "train_loss": 0.48223112341996044, "metrics": {"accuracy": 0.8211335434136268, "f1-score": 0.8959034334486019, "recall-score": 0.9631684182971589, "precission-score": 0.8374203420690723}}