{"train_time": 71.26659917831421, "train_loss": 0.6399505785976778, "metrics": {"accuracy": 0.6350344496074347, "f1-score": 0.7066361850790482, "recall-score": 0.7600843537624394, "precission-score": 0.6602109851320996}}