{"train_time": 147.74804735183716, "train_loss": 0.4821607217058345, "metrics": {"accuracy": 0.8226842713157421, "f1-score": 0.8964158912949931, "recall-score": 0.9605378267386592, "precission-score": 0.8403192980318079}}