{"train_time": 150.12173104286194, "train_loss": 0.5738292174171099, "metrics": {"accuracy": 0.7190993232461929, "f1-score": 0.7660210246115118, "recall-score": 0.7958309581401082, "precission-score": 0.7383636785963157}}