{"train_time": 83.13133811950684, "train_loss": 0.48282970208353415, "metrics": {"accuracy": 0.8214228489024195, "f1-score": 0.8965234435446433, "recall-score": 0.9690240570902907, "precission-score": 0.8341163767246551}}