{"train_time": 67.53965878486633, "train_loss": 0.4826185981702311, "metrics": {"accuracy": 0.8223219213445139, "f1-score": 0.8967472272802516, "recall-score": 0.9659484127647482, "precission-score": 0.8367984321373232}}