{"train_time": 76.05333709716797, "train_loss": 0.5754364817668032, "metrics": {"accuracy": 0.7153367515889547, "f1-score": 0.7650738494653674, "recall-score": 0.8002136095402016, "precission-score": 0.7328904496161127}}