{"train_time": 68.23789477348328, "train_loss": 0.6382625441709323, "metrics": {"accuracy": 0.6353059516815325, "f1-score": 0.7165461652886844, "recall-score": 0.7976309668674235, "precission-score": 0.650425804506745}}