{"train_time": 153.40974974632263, "train_loss": 0.5425714817264129, "metrics": {"accuracy": 0.7546928792859035, "f1-score": 0.5522368052255084, "recall-score": 0.46514524241283745, "precission-score": 0.6794546290557966}}