{"train_time": 141.30790042877197, "train_loss": 0.5095449308174078, "metrics": {"accuracy": 0.7999359075644652, "f1-score": 0.8885196258483578, "recall-score": 0.9981972845030551, "precission-score": 0.8005577553920824}}