{"train_time": 68.58635115623474, "train_loss": 0.639266530809777, "metrics": {"accuracy": 0.6363741565632288, "f1-score": 0.7021734216992206, "recall-score": 0.742733309168871, "precission-score": 0.6658140161911412}}