{"train_time": 67.6217098236084, "train_loss": 0.5981444271093377, "metrics": {"accuracy": 0.6956639783510478, "f1-score": 0.3059793144747927, "recall-score": 0.20602506800071077, "precission-score": 0.5943143285229872}}