{"train_time": 72.78393769264221, "train_loss": 0.6386786815294292, "metrics": {"accuracy": 0.6338104648471576, "f1-score": 0.7175335599272153, "recall-score": 0.8047035630953573, "precission-score": 0.6474032129160961}}