{"train_time": 134.86685132980347, "train_loss": 0.638058049303148, "metrics": {"accuracy": 0.6368562660370178, "f1-score": 0.7087436346404073, "recall-score": 0.7658688062954462, "precission-score": 0.6595487402997767}}