{"train_time": 132.4187319278717, "train_loss": 0.6379500460648572, "metrics": {"accuracy": 0.6353607758745391, "f1-score": 0.7158506998336909, "recall-score": 0.7952966472331292, "precission-score": 0.6508356458123108}}