{"train_time": 63.57646894454956, "train_loss": 0.6392719750145963, "metrics": {"accuracy": 0.6348653171678328, "f1-score": 0.7068945188985634, "recall-score": 0.7618482864844051, "precission-score": 0.6593352395043955}}