{"train_time": 140.0493619441986, "train_loss": 0.5414961944555459, "metrics": {"accuracy": 0.754966607396, "f1-score": 0.5618857383872226, "recall-score": 0.4837021305747756, "precission-score": 0.6702168052549645}}