{"train_time": 140.10547614097595, "train_loss": 0.6377555038529189, "metrics": {"accuracy": 0.6367182892660749, "f1-score": 0.7078256916366422, "recall-score": 0.7630195872628768, "precission-score": 0.6600781805496674}}