{"train_time": 154.2491798400879, "train_loss": 0.6376170489418502, "metrics": {"accuracy": 0.6357368738469481, "f1-score": 0.7003313743798173, "recall-score": 0.7384054697845365, "precission-score": 0.6659911486244154}}