{"train_time": 62.1412889957428, "train_loss": 0.639518864039148, "metrics": {"accuracy": 0.636908259004077, "f1-score": 0.7128202600804039, "recall-score": 0.7787700473058728, "precission-score": 0.6571682645185998}}