{"train_time": 63.347407817840576, "train_loss": 0.6382657952206252, "metrics": {"accuracy": 0.6347006355819046, "f1-score": 0.7038835652023322, "recall-score": 0.7502922807125496, "precission-score": 0.6628815678599581}}