{"train_time": 124.6184492111206, "train_loss": 0.6377124628328807, "metrics": {"accuracy": 0.6374415545976309, "f1-score": 0.7054695211683161, "recall-score": 0.7521858808290155, "precission-score": 0.6642167042274618}}