{"train_time": 66.36947751045227, "train_loss": 0.5093817165368283, "metrics": {"accuracy": 0.7998495611458277, "f1-score": 0.8883215576223411, "recall-score": 0.9966119828815977, "precission-score": 0.8012580137897666}}