{"train_time": 126.54239296913147, "train_loss": 0.6376596006427072, "metrics": {"accuracy": 0.6357791570509468, "f1-score": 0.7098744750589866, "recall-score": 0.772803063051936, "precission-score": 0.6564226304245909}}