{"train_time": 130.85482144355774, "train_loss": 0.6375102752159949, "metrics": {"accuracy": 0.6357569027330527, "f1-score": 0.7045320383792615, "recall-score": 0.7522561593825775, "precission-score": 0.6625020370470965}}