{"train_time": 68.30966329574585, "train_loss": 0.5756949172065589, "metrics": {"accuracy": 0.714375367195428, "f1-score": 0.7672285275906722, "recall-score": 0.8172587263440154, "precission-score": 0.7229703863717153}}