{"train_time": 135.38195514678955, "train_loss": 0.5963290292096904, "metrics": {"accuracy": 0.6956699773673587, "f1-score": 0.31687006389153927, "recall-score": 0.21648407904167094, "precission-score": 0.5908565892917024}}