{"train_time": 128.16452026367188, "train_loss": 0.6379526898860135, "metrics": {"accuracy": 0.6357390992787375, "f1-score": 0.7052985796155293, "recall-score": 0.7550441386222582, "precission-score": 0.6617027530126384}}