{"train_time": 66.7868103981018, "train_loss": 0.6386184618830403, "metrics": {"accuracy": 0.6338149157008314, "f1-score": 0.7025549622377522, "recall-score": 0.7511867394430443, "precission-score": 0.6598371510257856}}