{"train_time": 67.34660220146179, "train_loss": 0.5967756388608428, "metrics": {"accuracy": 0.6975911979917748, "f1-score": 0.32079093108343165, "recall-score": 0.21981861025865848, "precission-score": 0.5933362916944013}}