{"train_time": 147.72227811813354, "train_loss": 0.6379685170116979, "metrics": {"accuracy": 0.6372457166001634, "f1-score": 0.705780636870016, "recall-score": 0.7538597384169289, "precission-score": 0.6634665635032136}}