{"train_time": 63.55132246017456, "train_loss": 0.6394284813054162, "metrics": {"accuracy": 0.6349098257045701, "f1-score": 0.7000851916446375, "recall-score": 0.7373062142367556, "precission-score": 0.6664415888175755}}