{"train_time": 62.225940465927124, "train_loss": 0.6389383288927122, "metrics": {"accuracy": 0.6364231159536399, "f1-score": 0.7009127822466965, "recall-score": 0.738050258695803, "precission-score": 0.6673336493948352}}