{"train_time": 62.70939254760742, "train_loss": 0.6386441950128435, "metrics": {"accuracy": 0.6327022022823978, "f1-score": 0.7014395646935815, "recall-score": 0.7471406110306131, "precission-score": 0.6610071255668064}}