{"train_time": 63.82790946960449, "train_loss": 0.6395603146226199, "metrics": {"accuracy": 0.6368993572967295, "f1-score": 0.7052468801260234, "recall-score": 0.7537437346987635, "precission-score": 0.6626134658601001}}