{"train_time": 145.4673945903778, "train_loss": 0.6375456229192178, "metrics": {"accuracy": 0.6366047922448153, "f1-score": 0.6997182767067062, "recall-score": 0.7346431274423489, "precission-score": 0.6679633738729882}}