{"train_time": 140.46272563934326, "train_loss": 0.5413093450762637, "metrics": {"accuracy": 0.7544770124023313, "f1-score": 0.5515823016331076, "recall-score": 0.46407320776396244, "precission-score": 0.6797635744339812}}