{"train_time": 153.64124727249146, "train_loss": 0.5431348124998383, "metrics": {"accuracy": 0.7532864063950008, "f1-score": 0.5537409982167513, "recall-score": 0.4693507113855812, "precission-score": 0.6751310390859656}}