{"train_time": 68.29370784759521, "train_loss": 0.6391923348657199, "metrics": {"accuracy": 0.634727340703947, "f1-score": 0.6916429328263435, "recall-score": 0.7103090078409582, "precission-score": 0.6739327817236582}}