{"train_time": 137.93074250221252, "train_loss": 0.6378008595586845, "metrics": {"accuracy": 0.6376507451858346, "f1-score": 0.6979206091234944, "recall-score": 0.7251589373079548, "precission-score": 0.6726544479213232}}