{"train_time": 69.5019941329956, "train_loss": 0.6396797095706576, "metrics": {"accuracy": 0.634157631433709, "f1-score": 0.706807253841654, "recall-score": 0.7647113306576103, "precission-score": 0.6570549380587315}}