{"train_time": 147.02992415428162, "train_loss": 0.6379796894967947, "metrics": {"accuracy": 0.6373302830081606, "f1-score": 0.7174467111217452, "recall-score": 0.7983531154980013, "precission-score": 0.6514297588836483}}