{"train_time": 76.08548617362976, "train_loss": 0.639105822361655, "metrics": {"accuracy": 0.6323683882568677, "f1-score": 0.7080145925538384, "recall-score": 0.7726665997978505, "precission-score": 0.653346555582377}}