{"train_time": 152.31435823440552, "train_loss": 0.48279055656229575, "metrics": {"accuracy": 0.821607162329671, "f1-score": 0.8958681636730437, "recall-score": 0.9617177106488132, "precission-score": 0.8384582838912988}}