{"train_time": 68.8460545539856, "train_loss": 0.5748507418289749, "metrics": {"accuracy": 0.7152521853691538, "f1-score": 0.7586612747464992, "recall-score": 0.7752370673039858, "precission-score": 0.7427794767244309}}