{"train_time": 73.88949012756348, "train_loss": 0.6386854970456496, "metrics": {"accuracy": 0.635248090583774, "f1-score": 0.7096829046234072, "recall-score": 0.772740948751379, "precission-score": 0.656139868202125}}