{"train_time": 143.2166051864624, "train_loss": 0.6385770285900223, "metrics": {"accuracy": 0.6339721064379517, "f1-score": 0.7001438434458254, "recall-score": 0.7405340573394319, "precission-score": 0.6639316771260135}}