{"train_time": 136.8026478290558, "train_loss": 0.5961175690148793, "metrics": {"accuracy": 0.6969295717601608, "f1-score": 0.3165565107420846, "recall-score": 0.21594215798374564, "precission-score": 0.5927269310280022}}