{"train_time": 81.82336568832397, "train_loss": 0.575984140776601, "metrics": {"accuracy": 0.7137656002421264, "f1-score": 0.7627462554415997, "recall-score": 0.7949110314811682, "precission-score": 0.7330832399619895}}