{"train_time": 153.20278358459473, "train_loss": 0.5738732989616729, "metrics": {"accuracy": 0.7172611165881461, "f1-score": 0.7649804195053913, "recall-score": 0.7979577345209243, "precission-score": 0.7346206455509566}}