{"train_time": 138.07599663734436, "train_loss": 0.6376785051242998, "metrics": {"accuracy": 0.6358570471635759, "f1-score": 0.7060032628772253, "recall-score": 0.7564782799541033, "precission-score": 0.6618426814889675}}