{"train_time": 67.67555046081543, "train_loss": 0.639408635770809, "metrics": {"accuracy": 0.6332941658210045, "f1-score": 0.6914833066219314, "recall-score": 0.7123481078578868, "precission-score": 0.6718059911086535}}