{"train_time": 127.63949394226074, "train_loss": 0.6381628397204288, "metrics": {"accuracy": 0.6363889253612433, "f1-score": 0.7048721056462814, "recall-score": 0.7531865943008021, "precission-score": 0.6623824121507161}}