{"train_time": 62.39318132400513, "train_loss": 0.6392564278258038, "metrics": {"accuracy": 0.6371575068098061, "f1-score": 0.712123566303181, "recall-score": 0.7747589227400208, "precission-score": 0.6588581995439071}}