{"train_time": 144.36115288734436, "train_loss": 0.6377967982651912, "metrics": {"accuracy": 0.6375127684148917, "f1-score": 0.7100552533394093, "recall-score": 0.7691678782573148, "precission-score": 0.6593801140590131}}