{"train_time": 138.29593467712402, "train_loss": 0.6379114037243453, "metrics": {"accuracy": 0.6337228580775385, "f1-score": 0.6986364327160934, "recall-score": 0.7369321693448702, "precission-score": 0.6641242633006221}}