{"train_time": 145.74819898605347, "train_loss": 0.48206438632049614, "metrics": {"accuracy": 0.8221724220041794, "f1-score": 0.8962369382319751, "recall-score": 0.9615563586512822, "precission-score": 0.8392274356642234}}