{"train_time": 148.04865503311157, "train_loss": 0.6385856316155157, "metrics": {"accuracy": 0.6332265867885016, "f1-score": 0.709137949899934, "recall-score": 0.7744118905459213, "precission-score": 0.6540122984573217}}