{"train_time": 67.85165905952454, "train_loss": 0.4828793441339344, "metrics": {"accuracy": 0.8217878189036657, "f1-score": 0.8964063025536209, "recall-score": 0.9650598583899235, "precission-score": 0.8368719293923277}}