{"train_time": 63.204185247421265, "train_loss": 0.6383121190856903, "metrics": {"accuracy": 0.6358979152201393, "f1-score": 0.7043687864321517, "recall-score": 0.7499057366011311, "precission-score": 0.6640455716213085}}