{"train_time": 68.02318358421326, "train_loss": 0.4831524629560795, "metrics": {"accuracy": 0.820893197315245, "f1-score": 0.8961160662424329, "recall-score": 0.9689651129683287, "precission-score": 0.8334549854977814}}