{"train_time": 66.64019393920898, "train_loss": 0.5090601378352302, "metrics": {"accuracy": 0.8000587512684934, "f1-score": 0.8882731862610989, "recall-score": 0.9952737122537927, "precission-score": 0.802046279328806}}