{"train_time": 68.12229490280151, "train_loss": 0.6390900798908818, "metrics": {"accuracy": 0.6373845003471665, "f1-score": 0.7073882920837419, "recall-score": 0.7589417141271761, "precission-score": 0.6623932198829623}}