{"train_time": 71.31499409675598, "train_loss": 0.6390758156842752, "metrics": {"accuracy": 0.6331205825277288, "f1-score": 0.695398964573025, "recall-score": 0.7259344983219534, "precission-score": 0.6673286145902779}}