{"train_time": 73.61736488342285, "train_loss": 0.5980643027746944, "metrics": {"accuracy": 0.6960423009133152, "f1-score": 0.261212921093057, "recall-score": 0.16596557791707908, "precission-score": 0.6130293490403168}}