{"train_time": 148.04571628570557, "train_loss": 0.6371363403535306, "metrics": {"accuracy": 0.6366270465627093, "f1-score": 0.7064434935816764, "recall-score": 0.7560105588819283, "precission-score": 0.6629761358421294}}