{"train_time": 62.68995428085327, "train_loss": 0.6389377470792196, "metrics": {"accuracy": 0.636690167174064, "f1-score": 0.7120344597669521, "recall-score": 0.7784883362132806, "precission-score": 0.6560336477517243}}