{"train_time": 143.43340468406677, "train_loss": 0.638121864594593, "metrics": {"accuracy": 0.6372946760995302, "f1-score": 0.7109715266644914, "recall-score": 0.7726943328733434, "precission-score": 0.6583801359739876}}