{"train_time": 135.34075713157654, "train_loss": 0.5091376540836482, "metrics": {"accuracy": 0.800387670217714, "f1-score": 0.8885714143738105, "recall-score": 0.9962227360093596, "precission-score": 0.8019167036643392}}