{"train_time": 81.33544087409973, "train_loss": 0.4829317395514928, "metrics": {"accuracy": 0.8209644109740248, "f1-score": 0.8957990638106068, "recall-score": 0.9644785577223437, "precission-score": 0.836250550152108}}