{"train_time": 63.08904671669006, "train_loss": 0.6393056923082704, "metrics": {"accuracy": 0.6362851394897542, "f1-score": 0.712428650859005, "recall-score": 0.7794735950470499, "precission-score": 0.6560037328909166}}