{"train_time": 153.8499722480774, "train_loss": 0.4818115276689191, "metrics": {"accuracy": 0.8220789538690244, "f1-score": 0.8958594664863886, "recall-score": 0.9582483419717995, "precission-score": 0.8410979275663274}}