{"train_time": 62.143731117248535, "train_loss": 0.6393631804078284, "metrics": {"accuracy": 0.6344825437518916, "f1-score": 0.7150673619712787, "recall-score": 0.7958849516512713, "precission-score": 0.6491498837744026}}