{"train_time": 67.06182742118835, "train_loss": 0.6395302710297562, "metrics": {"accuracy": 0.6365299364418096, "f1-score": 0.7062090997722719, "recall-score": 0.7569155786567544, "precission-score": 0.6618698244005071}}