{"train_time": 138.05064940452576, "train_loss": 0.6378574048808251, "metrics": {"accuracy": 0.6349668744478147, "f1-score": 0.707933591162582, "recall-score": 0.7662645029487724, "precission-score": 0.6578551998464501}}