{"train_time": 73.53076195716858, "train_loss": 0.6390691783386541, "metrics": {"accuracy": 0.6326398903309655, "f1-score": 0.7037086230601615, "recall-score": 0.7547162547162547, "precission-score": 0.6591592298432383}}