{"train_time": 74.1257848739624, "train_loss": 0.5977526941420943, "metrics": {"accuracy": 0.6943020171268849, "f1-score": 0.28542297408366885, "recall-score": 0.18732161634369837, "precission-score": 0.5992573176059415}}