{"train_time": 146.5465910434723, "train_loss": 0.5739282792357617, "metrics": {"accuracy": 0.7170830820449938, "f1-score": 0.7595100496571293, "recall-score": 0.7744369603962687, "precission-score": 0.7451476761925265}}