{"train_time": 65.90579271316528, "train_loss": 0.5091596608454013, "metrics": {"accuracy": 0.7990261532161869, "f1-score": 0.8876061610760975, "recall-score": 0.9951719672698451, "precission-score": 0.8010252217120574}}