{"train_time": 63.49616551399231, "train_loss": 0.6391107657203237, "metrics": {"accuracy": 0.6359379729032029, "f1-score": 0.7143555574180391, "recall-score": 0.7868781831330491, "precission-score": 0.6540729277245578}}