{"train_time": 134.00791811943054, "train_loss": 0.6374389855538272, "metrics": {"accuracy": 0.6386699929453812, "f1-score": 0.7015444455473573, "recall-score": 0.7352062969798075, "precission-score": 0.6708300962170561}}