{"train_time": 141.90324640274048, "train_loss": 0.5092346302603699, "metrics": {"accuracy": 0.7983892324708302, "f1-score": 0.8876445463069069, "recall-score": 0.9979085973380627, "precission-score": 0.7993232150634905}}