{"train_time": 74.73682975769043, "train_loss": 0.6391635768416462, "metrics": {"accuracy": 0.6385061154729477, "f1-score": 0.7118739069201488, "recall-score": 0.7723941493456505, "precission-score": 0.660148565337825}}