{"train_time": 147.531494140625, "train_loss": 0.637765373001245, "metrics": {"accuracy": 0.635547712144849, "f1-score": 0.7024371276307733, "recall-score": 0.7454138788731851, "precission-score": 0.6641458738481202}}