{"train_time": 139.6799840927124, "train_loss": 0.6374924210946552, "metrics": {"accuracy": 0.6364712663374511, "f1-score": 0.7120393744094544, "recall-score": 0.7780380312509632, "precission-score": 0.6563621236545162}}