{"train_time": 154.57953214645386, "train_loss": 0.5732494114144859, "metrics": {"accuracy": 0.7160727360126048, "f1-score": 0.7533689153165553, "recall-score": 0.7528668129694309, "precission-score": 0.7538716878353754}}