{"train_time": 69.00183248519897, "train_loss": 0.6386393478493199, "metrics": {"accuracy": 0.6331116808203814, "f1-score": 0.7071587675452152, "recall-score": 0.7660242595899267, "precission-score": 0.6566947525386153}}