{"train_time": 127.63380765914917, "train_loss": 0.637988727555944, "metrics": {"accuracy": 0.6385097618565442, "f1-score": 0.713266938037726, "recall-score": 0.7800609268761656, "precission-score": 0.6570094339315853}}