{"train_time": 139.7417356967926, "train_loss": 0.6389356532165308, "metrics": {"accuracy": 0.6357279721197906, "f1-score": 0.7093705389799934, "recall-score": 0.7710832677134961, "precission-score": 0.6568040138881582}}