{"train_time": 68.02456974983215, "train_loss": 0.6387941942632006, "metrics": {"accuracy": 0.6351946803396892, "f1-score": 0.7078624052351878, "recall-score": 0.7636288133377424, "precission-score": 0.6596866986434238}}