{"train_time": 142.14794540405273, "train_loss": 0.6381721082924338, "metrics": {"accuracy": 0.6371856299418495, "f1-score": 0.7060592565614752, "recall-score": 0.7536372453928225, "precission-score": 0.6641318468118591}}