{"train_time": 129.24695801734924, "train_loss": 0.6378439254167547, "metrics": {"accuracy": 0.6371811790782707, "f1-score": 0.7052478761351536, "recall-score": 0.7522021165000617, "precission-score": 0.6638112060662371}}