{"train_time": 135.18007063865662, "train_loss": 0.6369107766332889, "metrics": {"accuracy": 0.6370988381020628, "f1-score": 0.7048699089290109, "recall-score": 0.7517690796153386, "precission-score": 0.6634787378663932}}