{"train_time": 74.5637686252594, "train_loss": 0.543223863072744, "metrics": {"accuracy": 0.7545042639178194, "f1-score": 0.5378976382570522, "recall-score": 0.44363063486360244, "precission-score": 0.6830358092725377}}