{"train_time": 65.93188881874084, "train_loss": 0.5096139433294538, "metrics": {"accuracy": 0.8008910609054817, "f1-score": 0.8889622493987058, "recall-score": 0.9968825327194892, "precission-score": 0.8021258869060417}}